codon,GCN,mimSeq,QuantMSeq,Nanopore,ARMSeq,HydroSeq,ncSeq
AAA,0.4682314395904541,0.4969993233680725,0.3278724253177643,0.3487373888492584,1.9449423551559448,0.15252627432346344,0.24198481440544128
AAC,0.3291288912296295,0.3055257499217987,0.3539435565471649,0.869167685508728,2.8720991611480713,0.3846876323223114,0.2865488827228546
AAG,0.22909367084503174,0.2680526077747345,0.2012851983308792,0.4042591154575348,0.5005496740341187,0.278035044670105,0.23521186411380768
AAU,0.5609164834022522,0.5402464270591736,0.5943858027458191,1.1765555143356323,3.3731179237365723,0.6216883063316345,0.5226708650588989
ACA,0.3518449366092682,0.3752414882183075,0.3550321161746979,0.7591850161552429,0.2280295193195343,0.4294641613960266,0.316026896238327
ACC,0.37995004653930664,0.3843505382537842,0.38460710644721985,0.6983195543289185,0.3422677516937256,0.5601409077644348,0.3545728921890259
ACG,0.5684413313865662,0.607478678226471,0.6294413208961487,2.513296365737915,0.3558286726474762,0.5919434428215027,0.5727543234825134
ACU,0.22516296803951263,0.22112338244915009,0.2326294630765915,0.48930469155311584,0.2516558766365051,0.4725014269351959,0.178676038980484
AGA,0.14897310733795166,0.18659527599811554,0.10672811418771744,0.26462674140930176,0.3065950870513916,0.06279975920915604,0.19322903454303741
AGC,1.376236081123352,1.0229198932647705,0.9888002872467041,4.634283542633057,3.7792747020721436,2.40486216545105,9.001154899597168
AGG,1.6142830848693848,1.2898935079574585,0.6349763870239258,0.22415891289710999,0.5521648526191711,2.5257821083068848,0.9734457731246948
AGU,1.7383207082748413,1.3193663358688354,1.3181957006454468,5.320321559906006,4.375452041625977,2.8350069522857666,10.140515327453613
AUA,0.44432681798934937,0.5051300525665283,0.6127244830131531,0.5171347856521606,1.4479331970214844,0.5235954523086548,0.3876554071903229
AUC,0.4773765504360199,0.6827125549316406,0.7308682799339294,0.6103118062019348,1.7965219020843506,0.6978232264518738,0.5812650918960571
AUG,0.54300856590271,0.5748618841171265,1.7725902795791626,2.2021324634552,1.9843034744262695,0.36665189266204834,0.5842815637588501
AUU,0.2772826552391052,0.4469728469848633,0.48881348967552185,0.3720940053462982,1.410007119178772,0.46003809571266174,0.3530888557434082
CAA,0.462207555770874,0.3371242582798004,1.8295953273773193,0.7184607982635498,0.1260174959897995,1.0814059972763062,0.33527135848999023
CAC,0.5322061777114868,0.5047016739845276,1.4959379434585571,0.7335209250450134,0.441602498292923,0.2865737974643707,3.6904542446136475
CAG,0.6405922770500183,0.4982265532016754,1.9963911771774292,0.22096779942512512,0.2903856337070465,1.0681415796279907,0.49215972423553467
CAU,0.786323606967926,0.7604824900627136,1.8423662185668945,1.0140608549118042,0.683792769908905,0.5077649354934692,4.313102722167969
CCA,0.315735399723053,0.2961898446083069,0.3084074854850769,0.3550737500190735,0.5507752299308777,1.2919505834579468,5.152287483215332
CCC,2.1720638275146484,3.2292392253875732,2.4413537979125977,2.2216341495513916,4.881843566894531,9.187186241149902,27.943761825561523
CCG,1.8493726253509521,2.5620057582855225,2.104412794113159,2.0338926315307617,3.6923670768737793,8.242324829101562,25.622352600097656
CCU,1.8102002143859863,2.7014174461364746,1.9953888654708862,1.8457294702529907,4.287985324859619,8.27003002166748,26.557722091674805
CGA,0.5061247944831848,0.6322122812271118,3.4700980186462402,0.4954799711704254,1.0868663787841797,1.1724467277526855,0.4226997196674347
CGC,0.6352870464324951,0.8124247789382935,4.887268543243408,0.950661838054657,2.810642957687378,1.2657989263534546,0.4499823749065399
CGG,2.00215744972229,2.4144206047058105,2.337327718734741,0.5654799342155457,2.766278028488159,3.330286741256714,7.315507888793945
CGU,0.3896711766719818,0.5401676297187805,4.141518592834473,0.6895149946212769,2.3294739723205566,0.9363903403282166,0.22111357748508453
CUA,1.3651121854782104,0.9510764479637146,0.9588921666145325,0.7173832654953003,0.09486526250839233,2.10113525390625,0.32947686314582825
CUC,1.1807215213775635,0.8979899287223816,1.1747812032699585,0.6786321997642517,0.30245670676231384,1.6886255741119385,0.4755435585975647
CUG,1.448104739189148,1.0291699171066284,1.11293625831604,0.7927672266960144,0.2874205410480499,2.219740152359009,0.4856240153312683
CUU,1.2733781337738037,0.9710537195205688,1.1854501962661743,0.745625913143158,0.302409291267395,1.7918931245803833,0.4896829128265381
GAA,0.3044950067996979,0.3474065065383911,0.2741231620311737,0.33377641439437866,0.4729498028755188,0.24400073289871216,0.44828975200653076
GAC,0.28352317214012146,0.25324878096580505,0.309535950422287,0.1073804572224617,0.10039090365171432,0.36560511589050293,0.37739431858062744
GAG,0.45990821719169617,0.4595240652561188,0.4033059775829315,0.5146422386169434,0.639305055141449,0.3354766070842743,0.44513359665870667
GAU,0.500265896320343,0.4815782308578491,0.5392662882804871,0.3150072991847992,0.31026121973991394,0.6055215001106262,0.6257529258728027
GCA,0.3266873061656952,0.30520087480545044,0.39110198616981506,0.3025449514389038,0.35340094566345215,0.4013374149799347,0.1944582462310791
GCC,0.3713435232639313,0.3374421000480652,0.41406434774398804,0.4056166112422943,0.35497307777404785,0.4762236475944519,0.31928250193595886
GCG,0.746685266494751,0.7421900629997253,0.997948408126831,0.552127480506897,2.0502426624298096,0.9791300892829895,0.43356236815452576
GCU,0.2221970409154892,0.18304835259914398,0.2522246241569519,0.31757932901382446,0.16160818934440613,0.3271758556365967,0.21332722902297974
GGA,1.0182303190231323,0.7635560631752014,1.266416311264038,2.32509708404541,6.957649230957031,0.773701548576355,0.550315260887146
GGC,0.17234142124652863,0.16142337024211884,0.15096934139728546,0.07128345221281052,0.06457202136516571,0.3987385630607605,0.3686552345752716
GGG,1.358496069908142,2.025815963745117,2.523423433303833,2.266443967819214,4.513319492340088,7.189463138580322,1.275039553642273
GGU,0.3867805302143097,0.37960323691368103,0.3549831509590149,0.2757406532764435,0.2652984857559204,0.636249840259552,0.6184720396995544
GUA,0.40958675742149353,0.36603957414627075,0.5134749412536621,0.3326839208602905,0.5210002660751343,0.3575934171676636,0.2509203553199768
GUC,0.508909285068512,0.4719405770301819,0.5890318751335144,0.4153711497783661,0.5582847595214844,0.5573186874389648,0.4733503758907318
GUG,0.9780712127685547,0.8986917734146118,1.5458717346191406,0.9183923006057739,1.054037094116211,0.6623728275299072,0.4697047770023346
GUU,0.28332650661468506,0.252079576253891,0.34631556272506714,0.18901558220386505,0.336211621761322,0.3286643922328949,0.24767908453941345
UAC,0.5368157625198364,0.5587412714958191,0.40514710545539856,0.6843881607055664,0.7370517253875732,1.5478490591049194,0.663429319858551
UAU,0.7798365354537964,0.8312897682189941,0.6432886719703674,0.9520370364189148,1.0275819301605225,1.9147319793701172,0.9238505959510803
UCA,0.37249067425727844,0.4536988139152527,0.3356876075267792,0.30305010080337524,0.4330046772956848,0.27603453397750854,0.5918399691581726
UCC,0.5441250205039978,0.5419871211051941,0.42883890867233276,0.30693644285202026,1.084816575050354,0.2948249876499176,0.616936445236206
UCG,2.863445281982422,3.6553523540496826,9.698481559753418,14.504512786865234,0.6221662759780884,1.8305535316467285,8.835835456848145
UCU,0.31246209144592285,0.3128136098384857,0.20860300958156586,0.0995696559548378,0.8003264665603638,0.08810953050851822,0.3922405242919922
UGC,0.6990328431129456,0.7740134000778198,0.6628885269165039,0.8099249005317688,0.3029066324234009,1.717969536781311,0.4675123393535614
UGG,0.314628005027771,0.20530688762664795,0.3397558927536011,0.8718714118003845,1.1050673723220825,0.4799773097038269,0.28458669781684875
UGU,0.9701441526412964,1.0335179567337036,0.9214716553688049,1.097351312637329,0.5342215895652771,2.090754985809326,0.7380380034446716
UUA,0.5775939226150513,0.5731579661369324,0.5057730078697205,1.0026795864105225,1.9053682088851929,0.6165749430656433,0.660121500492096
UUC,0.34450167417526245,0.28597718477249146,0.1404728889465332,0.42752036452293396,0.39864856004714966,0.23045507073402405,4.696784019470215
UUG,0.2614900469779968,0.27521613240242004,0.27478617429733276,0.19229696691036224,0.49104711413383484,0.31024616956710815,0.44583001732826233
UUU,0.5756794214248657,0.5070413947105408,0.3516385555267334,0.6627715826034546,0.6362646222114563,0.4564705193042755,5.378242015838623
