codon,three.letter,one.letter,decoding.time,Frequency,tAI,norm.error.hazard
AAA,Lys,K,0.052,0.58,0.431034,0
AAC,Asn,N,0.121,0.4,0.615764,0.0269360269
AAG,Lys,K,0.071,0.42,1,0
AAU,Asn,N,0.135,0.6,0.27032,0.0538720539
ACA,Thr,T,0.39,0.31,0.246373,0.0529100529
ACC,Thr,T,0.117,0.21,0.487685,0.0509259259
ACG,Thr,T,0.267,0.14,0.140394,0.0529100529
ACU,Thr,T,0.113,0.34,0.67734,0.0301783265
AGA,Arg,R,0.0316,0.47,0.67734,0
AGC,Ser,S,0.327,0.11,0.123153,0.0740740741
AGG,Arg,R,0.529,0.21,0.278325,0.0317460317
AGU,Ser,S,0.326,0.16,0.054064,0.1481481481
AUA,Ile,I,0.595,0.28,0.123233,0.0305010893
AUC,Ile,I,0.087,0.26,0.576355,0.0543209877
AUG,Met,M,0.172,1,0.615764,0.1172839506
AUU,Ile,I,0.086,0.46,0.800493,0.0301783265
CAA,Gln,Q,0.105,0.68,0.554187,0.0329218107
CAC,His,H,0.251,0.36,0.431034,0.087962963
CAG,Gln,Q,1.233,0.32,0.238916,0.1481481481
CAU,His,H,0.184,0.64,0.189224,0.1759259259
CCA,Pro,P,0.233,0.41,0.615776,0.1043771044
CCC,Pro,P,0.918,0.16,0.08867,1
CCG,Pro,P,0.056,0.12,0.197044,0.0679012346
CCU,Pro,P,0.927,0.31,0.123153,0.5
CGA,Arg,R,0.145,0.07,3.7E-05,0.126984127
CGC,Arg,R,0.103,0.06,0.26601,0.0634920635
CGG,Arg,R,0.44,0.04,0.061576,0.7037037037
CGU,Arg,R,0.101,0.14,0.369458,0.0317460317
CUA,Leu,L,0.451,0.14,0.184729,0.2716049383
CUC,Leu,L,1.411,0.06,0.061576,0.3703703704
CUG,Leu,L,0.33,0.11,0.059113,0.6172839506
CUU,Leu,L,0.496,0.13,0.027032,0.462962963
GAA,Glu,E,0.069,0.7,0.862069,0.0197530864
GAC,Asp,D,0.151,0.35,0.985222,0.0439814815
GAG,Glu,E,0.569,0.3,0.399015,0.0857699805
GAU,Asp,D,0.157,0.65,0.432512,0.087962963
GCA,Ala,A,0.495,0.3,0.30795,0.0998389694
GCC,Ala,A,0.139,0.22,0.487685,0.1176470588
GCG,Ala,A,0.056,0.11,0.098522,0.1358024691
GCU,Ala,A,0.14,0.37,0.67734,0.0714285714
GGA,Gly,G,0.253,0.23,0.184729,0.1481481481
GGC,Gly,G,0.07,0.2,0.985222,0.0138888889
GGG,Gly,G,0.323,0.12,0.182266,0.2010582011
GGU,Gly,G,0.068,0.45,0.432512,0.0277777778
GUA,Val,V,1.022,0.22,0.123239,0.0814814815
GUC,Val,V,0.129,0.2,0.62069,0.1322751323
GUG,Val,V,0.464,0.2,0.162562,0.2645502646
GUU,Val,V,0.131,0.39,0.862069,0.0661375661
UAA,Stop,*,,,,0
UAC,Tyr,Y,0.216,0.43,0.492611,0.087962963
UAG,Stop,*,,,,0
UAU,Tyr,Y,0.226,0.57,0.216256,0.1759259259
UCA,Ser,S,0.829,0.21,0.184797,0.1091617934
UCC,Ser,S,0.118,0.16,0.487685,0.1212121212
UCG,Ser,S,1.372,0.1,0.12069,0.2222222222
UCU,Ser,S,0.121,0.26,0.67734,0.0606060606
UGA,Stop,*,,,,0
UGC,Cys,C,0.166,0.38,0.246305,0.0833333333
UGG,Trp,W,0.067,1,0.369458,0.0864197531
UGU,Cys,C,0.166,0.62,0.108128,0.1666666667
UUA,Leu,L,0.187,0.28,0.431034,0.0952380952
UUC,Phe,F,0.175,0.41,0.615764,0.0606060606
UUG,Leu,L,0.119,0.28,0.753695,0.0301783265
UUU,Phe,F,0.174,0.59,0.27032,0.1212121212
